timestamp,tss_mg_l,turbidity_ntu,do_mg_l
2025-07-31 07:00:18.513817,12.284197824035738,4.853916351903763,8.092473870481069
2025-07-31 08:00:18.513817,16.007413002316373,4.4822506699023945,6.442617631463296
2025-07-31 09:00:18.513817,1.0646386221358366,7.51569086910352,7.748899303283557
2025-07-31 10:00:18.513817,14.100871762310462,5.297088943969884,7.109117856687206
2025-07-31 11:00:18.513817,14.45706714918043,4.604484635652115,9.028886339395482
2025-07-31 12:00:18.513817,4.626168462982204,6.43339105699153,7.259612460102936
2025-07-31 13:00:18.513817,11.314456192552823,3.153985039400184,8.017921157709596
2025-07-31 14:00:18.513817,21.621741867954494,3.838278738741578,8.327139766492412
2025-07-31 15:00:18.513817,14.639647972234222,3.1321224958850196,9.073020593940495
2025-07-31 16:00:18.513817,14.412632994059468,7.2619401748985695,7.783416626236414
2025-07-31 17:00:18.513817,10.405065166832241,5.219042155990876,6.624867454804314
2025-07-31 18:00:18.513817,11.208817051350803,10.004457030969462,7.150644055384473
2025-07-31 19:00:18.513817,16.2353593517628,6.597889359945372,8.401340723759029
2025-07-31 20:00:18.513817,14.886216914425692,11.3343748285812,5.7761060500935155
2025-07-31 21:00:18.513817,4.4080600400903,3.9983613871417534,8.841513058953792
2025-07-31 22:00:18.513817,14.253773353696195,3.6307665243872402,8.719385731437502
2025-07-31 23:00:18.513817,10.032955856852816,3.7004905058734328,7.824617811254496
2025-08-01 00:00:18.513817,12.589192917446017,5.958588490709092,9.217777051334837
2025-08-01 01:00:18.513817,11.298399980796,3.6116170525560882,10.556477275728039
2025-08-01 02:00:18.513817,8.349988787861404,4.298117935961921,10.24012178537546
2025-08-01 03:00:18.513817,7.3195443464964365,4.394241663825248,8.630421455991291
2025-08-01 04:00:18.513817,19.058685087723465,5.359769169542607,9.161044723917989
2025-08-01 05:00:18.513817,4.407262328725534,0.0,5.977632288419363
2025-08-01 06:00:18.513817,22.971401364850934,7.849904023685911,7.985102231244961
2025-08-01 07:00:18.513817,9.810776114790716,7.459929428316809,9.326700679520878
2025-08-01 08:00:18.513817,0.0,3.993789502874619,9.182401040100789
2025-08-01 09:00:18.513817,6.490652658174853,6.9774292352309075,8.399363639835572
2025-08-01 10:00:18.513817,15.26914495167993,4.502183524532555,8.234755027032092
2025-08-01 11:00:18.513817,5.997822287681369,3.019872544584559,8.565806398535093
2025-08-01 12:00:18.513817,18.402412432318556,4.992115263936808,7.023932094097749
2025-08-01 13:00:18.513817,11.550963670229779,3.4487709133819617,9.09858619855141
2025-08-01 14:00:18.513817,0.0,11.215624837029761,5.372214187280754
2025-08-01 15:00:18.513817,0.11140299131175624,8.27603553867154,7.112479881272954
2025-08-01 16:00:18.513817,18.231833936705144,3.876351505377311,8.587408692284699
2025-08-01 17:00:18.513817,37.830184433688345,17.207901898568917,4.184928548659326
2025-08-01 18:00:18.513817,13.264233765256115,4.5324928827820266,8.265637145839115
2025-08-01 19:00:18.513817,3.6888199449355277,1.6526156090237176,7.985530054859348
2025-08-01 20:00:18.513817,15.057710056818104,6.007171124200921,8.506274236174217
2025-08-01 21:00:18.513817,11.354788075951616,5.659798555814711,6.623006394125345
2025-08-01 22:00:18.513817,12.664813461408524,8.19501729521073,7.451647197280875
2025-08-01 23:00:18.513817,16.614543619961918,3.437683221475032,8.716806404885793
2025-08-02 00:00:18.513817,0.8240465532705912,4.050324239070381,8.280872852062625
2025-08-02 01:00:18.513817,8.375814544730371,5.645558308914659,7.8789514872115145
2025-08-02 02:00:18.513817,11.441001536904128,4.884587262990236,7.609843003017316
2025-08-02 03:00:18.513817,8.878837915316442,4.23042905210957,5.946747168191887
2025-08-02 04:00:18.513817,16.71749207571657,5.100779676679423,8.806759911182636
2025-08-02 05:00:18.513817,10.951620784516379,9.283890624708443,4.609973687793919
2025-08-02 06:00:18.513817,7.416106171532478,4.8599154840439605,7.884591070987517
2025-08-02 07:00:18.513817,13.448862957502485,5.704940095779516,9.475991059197092
2025-08-02 08:00:18.513817,13.39425632580129,6.172633109376758,8.871191329060437
2025-08-02 09:00:18.513817,9.151583531365148,8.402340888124643,7.8546292507629865
2025-08-02 10:00:18.513817,13.13039954737668,6.271137927885943,8.846467312008347
2025-08-02 11:00:18.513817,13.11247323245749,8.94815066994994,6.059847770850411
2025-08-02 12:00:18.513817,16.519798718431815,0.8622723601269824,9.39302258695794
2025-08-02 13:00:18.513817,15.225133845535188,1.1991661876061133,7.755502922618975
2025-08-02 14:00:18.513817,0.0,7.954217548080082,9.139723194475014
2025-08-02 15:00:18.513817,12.551411384572368,5.777084049078712,7.047149276208904
2025-08-02 16:00:18.513817,21.252226248493635,6.211568010759914,8.375432622918117
2025-08-02 17:00:18.513817,12.369579149657344,3.5155097520107645,7.608638191822207
2025-08-02 18:00:18.513817,13.887480176216332,5.02966938667163,7.930657431728808
2025-08-02 19:00:18.513817,156.84913453042853,13.48950171304967,3.945001967510659
2025-08-02 20:00:18.513817,7.474619252461072,2.6974264913018517,8.187095917439263
2025-08-02 21:00:18.513817,10.979683913098121,4.462269991148706,7.805951837616481
2025-08-02 22:00:18.513817,10.168922311795415,5.115576333124851,7.895337292134741
2025-08-02 23:00:18.513817,7.84872585998439,7.602050010145665,8.405345711424333
2025-08-03 00:00:18.513817,13.839688638215232,7.255353493010315,7.146736162560535
2025-08-03 01:00:18.513817,12.67815138775417,10.28822964575264,6.073056288415874
2025-08-03 02:00:18.513817,9.523771018573612,5.327660914899869,6.991733378863873
2025-08-03 03:00:18.513817,6.082217445543265,4.252467223192771,9.477489227557266
2025-08-03 04:00:18.513817,11.667495038816694,3.2719699279393133,7.686834046343512
2025-08-03 05:00:18.513817,2.0072953123778303,8.492871641569561,8.22467514788143
2025-08-03 06:00:18.513817,4.197885005082188,5.189277761367115,7.671874994430034
2025-08-03 07:00:18.513817,17.127885831042704,3.4822602792421877,6.278518539267246
2025-08-03 08:00:18.513817,12.143776537075736,3.7594297393982323,8.164459871513442
2025-08-03 09:00:18.513817,8.014747664762266,6.290999757503277,6.644152481850073
2025-08-03 10:00:18.513817,14.793229760542724,4.544153793226931,9.194708891307474
2025-08-03 11:00:18.513817,7.876972360974113,7.667978964881662,9.002561139852322
2025-08-03 12:00:18.513817,9.080501034626597,1.2865865371301481,9.179118373080744
2025-08-03 13:00:18.513817,6.055266122512361,4.197666689425172,8.001958892244028
2025-08-03 14:00:18.513817,14.10703060092032,3.332629043250706,7.502796522192022
2025-08-03 15:00:18.513817,9.027486865541263,5.935581005165759,7.506319484038826
2025-08-03 16:00:18.513817,8.718101459154077,2.84368925037985,10.416559095681793
2025-08-03 17:00:18.513817,13.965579618981039,5.203755876528095,6.643406026217863
2025-08-03 18:00:18.513817,4.3477065065010745,5.247558491688439,6.689080079973958
2025-08-03 19:00:18.513817,38.588044325628765,14.68405008033892,4.145130403180631
2025-08-03 20:00:18.513817,11.582522652007139,5.481341860829242,7.951798386953252
2025-08-03 21:00:18.513817,17.17334268596378,4.963449145803824,10.514009159704571
2025-08-03 22:00:18.513817,7.422842880601527,4.008496550896023,7.177389598754286
2025-08-03 23:00:18.513817,5.678581579721978,0.9230219252215015,8.998144467019682
2025-08-04 00:00:18.513817,8.057909591850516,5.200774926296723,7.746497750941133
2025-08-04 01:00:18.513817,8.617719211322129,5.129435367978974,9.663268288862897
2025-08-04 02:00:18.513817,16.98999457300605,6.246499910483715,7.501762946183557
2025-08-04 03:00:18.513817,3.7358903661991585,6.654043432251859,6.609839825196926
2025-08-04 04:00:18.513817,5.905168282574545,6.018592576707146,7.185018088006192
2025-08-04 05:00:18.513817,17.691110881297625,6.1321148693103655,8.59820078401853
2025-08-04 06:00:18.513817,8.785334913437167,4.892554924165799,9.240318675776868
2025-08-04 07:00:18.513817,13.384193144632066,10.06229687420124,8.568627351946558
2025-08-04 08:00:18.513817,14.487280706260586,6.393587212423446,8.076559627444908
2025-08-04 09:00:18.513817,9.508439779029956,3.725244087986538,7.446666834117322
2025-08-04 10:00:18.513817,76.99564153043399,25.678563691403546,4.110099426012051
2025-08-04 11:00:18.513817,0.0,6.432177684748153,9.081958524831228
2025-08-04 12:00:18.513817,7.2885187054365765,4.890908828956484,6.782529330109184
2025-08-04 13:00:18.513817,15.820867514166967,3.7595602736010267,7.4355682388329045
2025-08-04 14:00:18.513817,8.607781216039989,10.53475332064235,7.82631537021887
2025-08-04 15:00:18.513817,4.907044168534933,6.647941407954258,8.98884442504246
2025-08-04 16:00:18.513817,4.455779426645714,3.9878355983375577,8.120162849303043
2025-08-04 17:00:18.513817,9.374038892428212,4.802591439285368,8.519562247529047
2025-08-04 18:00:18.513817,11.963561795398329,7.247759877595673,8.294274186651535
2025-08-04 19:00:18.513817,13.089747679154193,3.0793207967224117,9.052261125686444
2025-08-04 20:00:18.513817,2.809743960412665,3.8805595621729823,10.458000107636243
2025-08-04 21:00:18.513817,9.086071837491355,7.310618235011336,9.01223923044318
2025-08-04 22:00:18.513817,8.063938434843328,3.8280164737545506,8.327191270753419
2025-08-04 23:00:18.513817,15.11813630976444,6.466054478838392,8.031172401333873
2025-08-05 00:00:18.513817,5.735720357520706,1.6224089936101271,7.5807765595776635
2025-08-05 01:00:18.513817,14.116067425553824,5.082082065487849,8.670410587352373
2025-08-05 02:00:18.513817,2.7494497007104695,11.62001953323625,6.509172047224939
2025-08-05 03:00:18.513817,8.416458614096646,4.854247154690736,7.44001636888932
2025-08-05 04:00:18.513817,11.188518101161264,6.754166864740608,8.279593511615223
2025-08-05 05:00:18.513817,9.550919235030548,6.10151004013804,7.332048652190581
2025-08-05 06:00:18.513817,11.716117039592081,4.804421811045533,8.540274088087214
2025-08-05 07:00:18.513817,2.400498900911847,3.7816557205366017,7.091025951785949
2025-08-05 08:00:18.513817,6.328854602206864,5.339304221060266,7.9376497250508695
2025-08-05 09:00:18.513817,14.977341583265183,7.507222215201514,7.983905857255654
2025-08-05 10:00:18.513817,8.172915050521397,7.119017423206504,7.508877197626802
2025-08-05 11:00:18.513817,9.982054106583337,5.593421208617485,7.937995793021649
2025-08-05 12:00:18.513817,13.246921138587922,5.681529005451469,7.507378843767721
2025-08-05 13:00:18.513817,13.34555865067571,6.826080108077193,7.188891889037084
2025-08-05 14:00:18.513817,12.221039412922345,5.611872898399521,7.744445163114429
2025-08-05 15:00:18.513817,6.615761315289876,3.7947667919444896,8.982198493750207
2025-08-05 16:00:18.513817,18.719984828777125,6.589746956942684,9.02024593812883
2025-08-05 17:00:18.513817,18.690635139559546,7.9735801672411455,8.264172472764825
2025-08-05 18:00:18.513817,5.53212490229055,6.9568639383476345,9.54855855127951
2025-08-05 19:00:18.513817,3.972484506785702,4.82464347900949,8.179656442149419
2025-08-05 20:00:18.513817,17.014927141732343,5.6040440930787,8.002922808638896
2025-08-05 21:00:18.513817,49.6485416389416,15.523116125823634,3.962086184131136
2025-08-05 22:00:18.513817,10.796662946572031,3.054998953280176,7.140255724636148
2025-08-05 23:00:18.513817,5.538836940743891,5.10261685714881,6.879392864424637
2025-08-06 00:00:18.513817,4.026909997972767,7.867947666874592,8.036685237605273
2025-08-06 01:00:18.513817,11.014302914898552,5.15447817370867,8.226187083047723
2025-08-06 02:00:18.513817,1.0526460801113444,4.354832265969251,9.877041393228762
2025-08-06 03:00:18.513817,8.062060305111569,7.111225031841987,7.501222352661127
2025-08-06 04:00:18.513817,9.953087396002177,4.815107126163637,8.728164471374575
2025-08-06 05:00:18.513817,0.0,2.4305811065149925,9.310374760804423
2025-08-06 06:00:18.513817,10.920934220998614,9.017854139948618,5.81156790537044
2025-08-06 07:00:18.513817,16.38951853451072,6.735484397438542,8.138711311689729
2025-08-06 08:00:18.513817,11.059817762540522,1.4842370536469391,7.864524759884957
2025-08-06 09:00:18.513817,12.400208244146361,6.904666981016272,6.4513602741383
2025-08-06 10:00:18.513817,1.9541947130339707,5.3780068738214455,7.2757883765025
2025-08-06 11:00:18.513817,50.7681864661656,11.385463275213404,3.1838833438964684
2025-08-06 12:00:18.513817,7.805003105742639,3.872963548024675,9.162248170466217
2025-08-06 13:00:18.513817,3.6648949273559293,5.600161808318305,6.143806392769105
2025-08-06 14:00:18.513817,7.3133530028655045,4.310828658109397,8.5525793909062
2025-08-06 15:00:18.513817,5.295539677333847,6.475482693168878,6.945403088433211
2025-08-06 16:00:18.513817,11.571889387849065,1.480388438619297,7.539550158857034
2025-08-06 17:00:18.513817,5.637077086515207,3.9635015719204296,7.254574179315659
2025-08-06 18:00:18.513817,6.445311270443588,4.096755937758567,9.708600900639508
2025-08-06 19:00:18.513817,6.52687574494769,3.614548364647123,8.875425506243177
2025-08-06 20:00:18.513817,11.830279893876323,4.9159156546992016,8.605362049568084
2025-08-06 21:00:18.513817,6.195640154149125,6.697579170904925,8.563707537998937
2025-08-06 22:00:18.513817,8.073289951484096,5.113138461630103,7.220181526697561
2025-08-06 23:00:18.513817,11.621524793783966,2.7649262319708665,8.814695901528978
2025-08-07 00:00:18.513817,75.46720222989413,18.327373469822,5.519702173228709
2025-08-07 01:00:18.513817,9.929050176485257,3.710742136423006,5.661319659504293
2025-08-07 02:00:18.513817,9.753874779581114,3.081874953463543,9.667645389939242
2025-08-07 03:00:18.513817,13.692155596361971,3.391653538498642,7.893802387184137
2025-08-07 04:00:18.513817,11.403547568980352,6.514913636307911,7.430864458594765
2025-08-07 05:00:18.513817,12.513359268239107,4.246485901281054,7.758790505669581
2025-08-07 06:00:18.513817,7.0904319676027034,6.503327910104546,7.64678985885451
2025-08-07 07:00:18.513817,15.487201293764207,11.659269760224987,6.887895134992703
2025-08-07 08:00:18.513817,34.96782455575854,3.959436001046733,3.21863363428294
2025-08-07 09:00:18.513817,4.334240007735794,1.8118182213038776,8.255999744277155
2025-08-07 10:00:18.513817,14.900744872987659,3.6648873451201163,6.081543383139797
2025-08-07 11:00:18.513817,8.273803159736463,1.9629765952857627,7.415029290786458
2025-08-07 12:00:18.513817,9.781015935139703,4.516865413506164,8.563418706266326
2025-08-07 13:00:18.513817,6.817341193647069,5.155100970187037,8.137939921561662
2025-08-07 14:00:18.513817,7.251342292564585,5.292630990720991,7.712862907284059
2025-08-07 15:00:18.513817,2.7901374716614598,28.641386722152344,3.690444025728155
2025-08-07 16:00:18.513817,7.592392554628554,8.783919138745452,8.774140760292342
2025-08-07 17:00:18.513817,7.949274389867913,7.215333379158443,6.411288551616408
2025-08-07 18:00:18.513817,10.629178386321545,0.3227511154465539,8.361962475201931
2025-08-07 19:00:18.513817,13.533325649183535,5.169026915910964,9.164723377614237
2025-08-07 20:00:18.513817,5.516480563145767,4.515977320804175,7.572017039363423
2025-08-07 21:00:18.513817,12.97622469322488,2.8926722195613377,9.146721643687933
2025-08-07 22:00:18.513817,10.870024811746475,5.853114657027067,8.705772850176697
2025-08-07 23:00:18.513817,10.790787542499588,6.434753230209518,8.021382002838573
2025-08-08 00:00:18.513817,3.582615380689819,6.712487104461643,7.25668254175066
2025-08-08 01:00:18.513817,2.0166406123674268,6.866009567419724,6.200945084909835
2025-08-08 02:00:18.513817,8.06322653406015,5.941434592351502,7.680515817145734
2025-08-08 03:00:18.513817,13.340469207640457,7.98826531904934,9.689243374954819
2025-08-08 04:00:18.513817,6.378442156472506,5.232268397706052,7.732398295589129
2025-08-08 05:00:18.513817,6.015767812578983,6.815917082610422,8.07284573685072
2025-08-08 06:00:18.513817,18.62604012180934,5.304056212612305,8.097943680277154
2025-08-08 07:00:18.513817,10.621607216743453,2.9913735667321695,7.09614541570588
2025-08-08 08:00:18.513817,52.29762878027707,8.429491474523353,3.5156546369393777
2025-08-08 09:00:18.513817,79.89355177033936,7.008145155809595,2.3608987192918023
2025-08-08 10:00:18.513817,8.287889756321595,5.599661719151442,6.787966357128492
2025-08-08 11:00:18.513817,11.747303267983966,7.333451137914507,9.11369978069741
2025-08-08 12:00:18.513817,15.969961863663793,5.01496346708038,7.997244883069963
2025-08-08 13:00:18.513817,9.814025501818907,6.447007417117794,7.564729217814301
2025-08-08 14:00:18.513817,7.070255944557685,6.401517466442395,7.097255694930946
2025-08-08 15:00:18.513817,16.793450634255606,4.762935449981063,8.944114563537747
2025-08-08 16:00:18.513817,21.24493777472008,5.124430052082342,8.129100559204272
2025-08-08 17:00:18.513817,1.3986407485856471,4.854651854559536,7.628524819648842
2025-08-08 18:00:18.513817,11.299956172821814,6.352934360770325,7.935731147657701
2025-08-08 19:00:18.513817,16.90949890641763,5.555204182376576,6.437751120754372
2025-08-08 20:00:18.513817,8.909747300570547,4.45199618786586,8.264177914139356
2025-08-08 21:00:18.513817,16.994725018207298,8.689057141338445,5.276380980717427
2025-08-08 22:00:18.513817,15.730507872828682,3.8499026596802484,7.706971180554671
2025-08-08 23:00:18.513817,7.218662060765517,6.442792494120922,9.776878180053206
2025-08-09 00:00:18.513817,4.9914933639542145,6.694000146951782,7.798593685942195
2025-08-09 01:00:18.513817,2.7259273565379516,3.377318053799013,8.57231545765601
2025-08-09 02:00:18.513817,15.859794683688428,7.070390555486554,9.015547009264136
2025-08-09 03:00:18.513817,13.14157268175633,6.078563022400132,10.035983304406754
2025-08-09 04:00:18.513817,1.7340776813423027,7.388154390380386,7.450873770781217
2025-08-09 05:00:18.513817,12.749222146891448,7.538240549132968,4.819969935152685
2025-08-09 06:00:18.513817,11.893237076635703,5.4217518046860285,6.942005934955086
2025-08-09 07:00:18.513817,2.4379624668676563,4.883271806477757,5.942989311233241
2025-08-09 08:00:18.513817,19.08383619411213,6.78513916444732,7.186539890246719
2025-08-09 09:00:18.513817,2.672505266311852,3.348825044712159,10.146398137207715
2025-08-09 10:00:18.513817,7.0375429330088455,3.5074129798422433,7.00102622987161
2025-08-09 11:00:18.513817,47.246688512385894,20.609125666285408,3.166004485130879
2025-08-09 12:00:18.513817,6.0148132285610885,2.5093580351547518,8.413910815293214
2025-08-09 13:00:18.513817,15.251268419368465,6.605387514143803,7.896214640395245
2025-08-09 14:00:18.513817,5.077517887765664,5.330733706193675,7.793269784879135
2025-08-09 15:00:18.513817,6.9327443446667925,8.471708123934992,6.696748555279303
2025-08-09 16:00:18.513817,9.218099028340816,6.379133306129884,7.148737063887604
2025-08-09 17:00:18.513817,17.51547261844021,7.203906122031882,7.681322193849645
2025-08-09 18:00:18.513817,12.515278988526543,4.101704693838903,7.397910913638294
2025-08-09 19:00:18.513817,8.5818628579265,3.7356853920838455,8.671087078886334
2025-08-09 20:00:18.513817,17.190176352947635,7.3354554372869165,10.348483796583428
2025-08-09 21:00:18.513817,16.984236021924232,4.294258211727103,7.682735823491578
2025-08-09 22:00:18.513817,10.249734009597192,5.6866511277870115,7.545205048509289
2025-08-09 23:00:18.513817,4.7979732748811434,2.664496763150073,6.500379358683583
2025-08-10 00:00:18.513817,16.015280116524185,1.4982587599727415,9.216645715367777
2025-08-10 01:00:18.513817,8.410853526265695,2.121422979225032,8.119428697462865
2025-08-10 02:00:18.513817,15.77293960425502,4.41549262943218,9.27612661225832
2025-08-10 03:00:18.513817,5.40317347371462,2.4242632684305057,7.908079145390227
2025-08-10 04:00:18.513817,12.162898807283415,4.542921331160727,8.234959243460697
2025-08-10 05:00:18.513817,6.693439830725047,3.809108440986681,6.281792907066955
2025-08-10 06:00:18.513817,7.214175310586883,1.286748907564641,8.911972678539287
2025-08-10 07:00:18.513817,20.232761726750024,10.058259890719675,9.967671536257239
2025-08-10 08:00:18.513817,6.915646109454326,7.695210714307418,6.5952542340928115
2025-08-10 09:00:18.513817,3.66553802136554,0.9242238787317456,8.283825868074109
2025-08-10 10:00:18.513817,13.089613262631586,3.664484049162205,7.264068402356066
2025-08-10 11:00:18.513817,4.156276965444055,3.8786595306791662,7.70092252201731
2025-08-10 12:00:18.513817,9.798594857419745,7.196364576339254,7.90939640500356
2025-08-10 13:00:18.513817,4.069207286639877,3.1424911688091948,10.041048499307122
2025-08-10 14:00:18.513817,8.880651179985025,6.910292260878496,9.656062263415153
2025-08-10 15:00:18.513817,15.819371618537414,6.1108800615685706,8.57914514777611
2025-08-10 16:00:18.513817,14.273745941498891,3.8962673894866366,8.933306311469797
2025-08-10 17:00:18.513817,16.319074175642797,4.765047214149645,6.488559160895134
2025-08-10 18:00:18.513817,8.872074081140996,2.5379912283769483,8.512112027002745
2025-08-10 19:00:18.513817,12.272295867241954,4.603328825065965,6.7465472881754724
2025-08-10 20:00:18.513817,3.5854576335538724,3.3362142092207576,9.88628501461518
2025-08-10 21:00:18.513817,18.98180461958322,2.2671820649333343,6.949760831449187
2025-08-10 22:00:18.513817,14.716290449561685,6.456963916001472,9.723351783386347
2025-08-10 23:00:18.513817,11.455168619968866,4.751230774441937,8.057053808804461
2025-08-11 00:00:18.513817,7.380393885138163,2.9308126740873095,7.148896193354455
2025-08-11 01:00:18.513817,11.547626758216998,4.995631879742448,6.135718990477468
2025-08-11 02:00:18.513817,12.606266379963454,5.652014232994427,7.393409275746736
2025-08-11 03:00:18.513817,0.39490512633748764,3.5024830392304858,5.545717138159006
2025-08-11 04:00:18.513817,13.247984718312292,2.1298121710499855,9.136810522308322
2025-08-11 05:00:18.513817,5.485298516037094,5.664126053035263,8.139961497613923
2025-08-11 06:00:18.513817,15.965712655039265,5.4144472133565,9.542507884497011
2025-08-11 07:00:18.513817,2.3863631345834317,5.542906507617719,7.916517036396771
2025-08-11 08:00:18.513817,13.14766869436195,9.23902486551966,7.108344016805676
2025-08-11 09:00:18.513817,6.007426832612294,3.849148054001515,8.017591622051823
2025-08-11 10:00:18.513817,12.266356643757197,8.048002660302286,7.182264424138268
2025-08-11 11:00:18.513817,13.146388109072724,1.62730450734721,8.342233159820834
2025-08-11 12:00:18.513817,10.003200165018189,4.08006303913782,7.351771764492218
2025-08-11 13:00:18.513817,14.18810871918279,7.496282306795788,6.95238144683748
2025-08-11 14:00:18.513817,13.137325144008436,6.471572140834014,8.281194632421464
2025-08-11 15:00:18.513817,13.298234028796696,6.785583759642932,8.997844858615379
2025-08-11 16:00:18.513817,5.770432055394846,4.047069359843373,7.861659838315472
2025-08-11 17:00:18.513817,7.078817230348386,2.7187280152783493,9.308132237471819
2025-08-11 18:00:18.513817,11.506495747580681,3.428151656575465,8.460807735599166
2025-08-11 19:00:18.513817,2.5885506590647234,4.631141081082152,8.927244998214375
2025-08-11 20:00:18.513817,63.39335874771835,5.550901732582237,3.4974755532919386
2025-08-11 21:00:18.513817,8.524181768477991,4.015418659048938,8.78964364123975
2025-08-11 22:00:18.513817,7.941850402415416,7.41638700046739,8.801193299053216
2025-08-11 23:00:18.513817,18.11654237881198,3.653722977032383,8.933756598660006
2025-08-12 00:00:18.513817,7.2989480880037325,8.085447221251094,6.627728788068484
2025-08-12 01:00:18.513817,50.749157559983,17.380451551716323,4.407352022671087
2025-08-12 02:00:18.513817,17.47448040189827,3.0978434872450187,8.002608603339231
2025-08-12 03:00:18.513817,16.32366839564045,6.378158287311192,6.934904565091509
2025-08-12 04:00:18.513817,7.243501544516431,5.438415517866389,7.45824753092523
2025-08-12 05:00:18.513817,0.1653990700656287,9.603594824432243,8.694396378020276
2025-08-12 06:00:18.513817,9.373508944382248,5.696727234528667,8.304453839655208
2025-08-12 07:00:18.513817,9.023909037184058,5.92821250294006,8.144487956126449
2025-08-12 08:00:18.513817,16.02903154979474,3.5663868655583215,7.106270825130153
2025-08-12 09:00:18.513817,6.90925839496912,5.56284397540412,7.058023293378257
2025-08-12 10:00:18.513817,14.675134078310222,5.947396740318781,8.692769483800625
2025-08-12 11:00:18.513817,4.96352519306611,5.6412110134826206,8.96563524723241
2025-08-12 12:00:18.513817,11.305108505953879,5.195597396075897,7.652816965105486
2025-08-12 13:00:18.513817,3.8382590082174346,2.635187486165104,7.3880393049985225
2025-08-12 14:00:18.513817,11.209999420109352,4.6312719691922934,8.291472024001099
2025-08-12 15:00:18.513817,24.776002779278123,5.830721086843744,7.995454171985649
2025-08-12 16:00:18.513817,10.811214385460913,6.851660982289904,9.334091613354488
2025-08-12 17:00:18.513817,0.0,5.706676077730198,9.361185337484052
2025-08-12 18:00:18.513817,2.2957551410389474,5.06195836031021,8.708165436202494
2025-08-12 19:00:18.513817,0.7511485523059598,7.428180703511174,8.0511900943248
2025-08-12 20:00:18.513817,10.23439367338568,3.5959512780013294,7.73068862523917
2025-08-12 21:00:18.513817,6.244558869290476,5.97412672976384,7.250053301476088
2025-08-12 22:00:18.513817,12.059641200624455,3.3337859202680535,8.819123439649003
2025-08-12 23:00:18.513817,16.822325284067887,7.978225713322038,7.4862039178437145
2025-08-13 00:00:18.513817,8.004258233846647,2.6447991206162746,9.000205266936769
2025-08-13 01:00:18.513817,7.2794156528372636,1.8563706697077684,6.769426727629277
2025-08-13 02:00:18.513817,20.463113299936207,6.086039918503008,5.578498644314966
2025-08-13 03:00:18.513817,0.2541177421238565,6.9500996604686325,9.108895705772003
2025-08-13 04:00:18.513817,8.753339670184488,4.872181097125283,9.0197012751299
2025-08-13 05:00:18.513817,11.950397285745144,5.777687809278776,8.95245750390206
2025-08-13 06:00:18.513817,5.943711270718632,3.274894976092498,7.827297001966803
2025-08-13 07:00:18.513817,8.043856006997327,4.990554957196841,7.4814114744775
2025-08-13 08:00:18.513817,11.82047412716104,4.3057913579391345,7.18690141264518
2025-08-13 09:00:18.513817,18.62317580914823,2.792094664599055,8.22755795397514
2025-08-13 10:00:18.513817,6.098229703981524,5.936592312128778,8.800488679721052
2025-08-13 11:00:18.513817,4.340012710812905,5.5013333890699725,8.198086840375403
2025-08-13 12:00:18.513817,36.701773269597126,5.108350846841677,5.34125848769179
2025-08-13 13:00:18.513817,11.982294447032547,4.941935935920922,8.648270764519566
2025-08-13 14:00:18.513817,13.69047818124869,3.77151827364822,9.509977351647073
2025-08-13 15:00:18.513817,208.28442919380115,20.468427645996947,3.4162070824421615
2025-08-13 16:00:18.513817,2.0797079655088355,4.168353648141837,8.33168598491543
2025-08-13 17:00:18.513817,10.814928659332232,6.358813441978038,8.005185826174854
2025-08-13 18:00:18.513817,12.910500379033149,6.12537025002991,8.568679730459097
2025-08-13 19:00:18.513817,10.394332289796235,5.741447993637143,7.015754544464939
2025-08-13 20:00:18.513817,11.563664316595489,6.052558693098403,11.006313645170415
2025-08-13 21:00:18.513817,5.864018701085244,6.059278824304384,7.479997520537991
2025-08-13 22:00:18.513817,9.86366954146079,1.8475705461611382,6.873066545350718
2025-08-13 23:00:18.513817,11.767723702047903,7.374021257682884,5.9575725421715084
2025-08-14 00:00:18.513817,14.268427371478303,3.055679283339608,7.9190929794468685
2025-08-14 01:00:18.513817,12.873513855762113,6.464823432501816,8.636861640425721
2025-08-14 02:00:18.513817,13.682018571320565,7.748365170227525,5.9587735325747095
2025-08-14 03:00:18.513817,12.265766117423295,5.612700195929447,8.489298045903281
2025-08-14 04:00:18.513817,6.541191681053235,4.594494534280469,6.702513440825221
2025-08-14 05:00:18.513817,9.601609770540847,6.868417083781894,8.085180455135514
2025-08-14 06:00:18.513817,42.27325984684324,20.117276312440396,3.021460047642968
2025-08-14 07:00:18.513817,11.460052741176124,6.693477010957088,7.118138824716095
2025-08-14 08:00:18.513817,10.369777595174526,6.564314348832337,6.6817014032990265
2025-08-14 09:00:18.513817,8.451396068085886,8.569244787788143,7.400492083856246
2025-08-14 10:00:18.513817,12.809361296369742,5.531152541655413,8.937334029446536
2025-08-14 11:00:18.513817,3.75944109841802,5.920779915684677,9.35907866679596
2025-08-14 12:00:18.513817,7.941132643631643,6.9520063811312856,10.008553848862926
2025-08-14 13:00:18.513817,10.389993779382465,6.53914496740931,6.700713597222395
2025-08-14 14:00:18.513817,0.6903118651486189,4.867656629266636,7.300965944507071
2025-08-14 15:00:18.513817,9.184825860262855,6.92638170575179,7.504476481949978
2025-08-14 16:00:18.513817,4.406922686978019,1.8950410386868382,6.6760317410052155
2025-08-14 17:00:18.513817,10.3359609442006,4.915301395583788,6.8494241161887395
2025-08-14 18:00:18.513817,8.697156256043609,2.2450559216047976,7.313443136261153
2025-08-14 19:00:18.513817,12.88072704003131,6.860997283179957,9.028633053468717
2025-08-14 20:00:18.513817,11.089046001007718,2.2809698330762793,7.787013711810198
2025-08-14 21:00:18.513817,10.06583829099492,4.529243448564134,8.604825136175874
2025-08-14 22:00:18.513817,11.578503736810521,7.366955369005931,8.822254741623022
2025-08-14 23:00:18.513817,3.1629144091786117,5.631396632361932,8.08401550616326
2025-08-15 00:00:18.513817,0.0,5.653686378032716,7.315602848284569
2025-08-15 01:00:18.513817,0.292912479493431,4.749596181967627,8.969938518820364
2025-08-15 02:00:18.513817,7.7441389578152275,6.112486231962815,9.36811229038767
2025-08-15 03:00:18.513817,11.940534272728867,3.4978515480945576,9.081660819402344
2025-08-15 04:00:18.513817,15.38610000141771,3.2437083731083405,7.759182662429534
2025-08-15 05:00:18.513817,4.337469671707208,5.476955325089186,7.776430340168029
2025-08-15 06:00:18.513817,7.510890527560983,6.1416757519016905,7.786858571985558
2025-08-15 07:00:18.513817,14.152727222238129,5.294913558936189,8.825334549822747
2025-08-15 08:00:18.513817,9.395912227130781,8.0742308811217,8.144099600860839
2025-08-15 09:00:18.513817,12.164587555359635,5.94249516442523,6.877889151575076
2025-08-15 10:00:18.513817,9.511181905482193,4.2899354590108985,7.252600213569804
2025-08-15 11:00:18.513817,14.794743781204133,7.139002945169889,8.381832897422653
2025-08-15 12:00:18.513817,7.60688339623095,3.5787296935933033,7.700878838567356
2025-08-15 13:00:18.513817,17.927645472584054,5.823407423341827,5.646880909023256
2025-08-15 14:00:18.513817,5.169873083499519,6.8349084757819005,7.799755671772308
2025-08-15 15:00:18.513817,9.861392090676675,3.6161742132635015,8.50398717937141
2025-08-15 16:00:18.513817,13.476802181262688,4.846450733774441,9.381839841351102
2025-08-15 17:00:18.513817,8.373352124522551,5.960103046797913,6.68807900514474
2025-08-15 18:00:18.513817,6.679647587371043,6.299333305592108,8.26667178870583
2025-08-15 19:00:18.513817,5.906029519170562,7.652007175432054,7.92207828740817
2025-08-15 20:00:18.513817,12.506930608643025,5.870367289071198,8.627410868927084
2025-08-15 21:00:18.513817,38.08397941764183,24.901783467180486,4.994491344889168
2025-08-15 22:00:18.513817,12.678551288567778,4.571371883031328,7.5652032260273785
2025-08-15 23:00:18.513817,13.315956885146033,5.744122222717989,8.56055089007373
2025-08-16 00:00:18.513817,0.0,7.221645533465287,10.480830163660357
2025-08-16 01:00:18.513817,10.239495846483747,3.9753668027825055,8.232829440726206
2025-08-16 02:00:18.513817,8.391795350707554,7.66021178743238,7.834599726360684
2025-08-16 03:00:18.513817,5.199483842346282,2.7187085828184823,8.662812542996821
2025-08-16 04:00:18.513817,1.2985678702319134,0.0,6.130627158656317
2025-08-16 05:00:18.513817,2.228095893546037,9.45068328232696,8.1249852317487
2025-08-16 06:00:18.513817,7.969846480140459,6.878989081514167,7.63762815283713
2025-08-16 07:00:18.513817,14.22901089251937,3.4860332563613716,7.736297664932743
2025-08-16 08:00:18.513817,15.675842974887564,6.484359468908219,6.001453150985257
2025-08-16 09:00:18.513817,6.023882676339755,2.9033933090198722,9.05150412444163
2025-08-16 10:00:18.513817,18.47832699070843,0.5799781769382921,7.554327815871108
2025-08-16 11:00:18.513817,6.13530798608247,5.308463276217673,8.87118112974105
2025-08-16 12:00:18.513817,8.553559362580334,3.1410482561018003,9.015954884723474
2025-08-16 13:00:18.513817,13.88862326404247,7.358004700519805,7.086002600201587
2025-08-16 14:00:18.513817,3.0009226493238668,3.8790679910289834,8.124967360083176
2025-08-16 15:00:18.513817,13.31680672463855,5.320218099954665,6.287790959578972
2025-08-16 16:00:18.513817,7.628562967524997,7.898751574448604,5.581506411813237
2025-08-16 17:00:18.513817,15.15715391921446,3.5475868726161717,7.533438058189085
2025-08-16 18:00:18.513817,15.362954940176973,4.700869486706479,8.167906574085292
2025-08-16 19:00:18.513817,15.297960518353692,1.7361160615891964,7.118755915326643
2025-08-16 20:00:18.513817,4.166367445819521,6.523995699173931,8.060705839329602
2025-08-16 21:00:18.513817,3.506763479417688,7.485973410509958,6.280860008088308
2025-08-16 22:00:18.513817,10.510929295464704,6.181408421514452,7.9664358395936725
2025-08-16 23:00:18.513817,10.332372795947752,3.7672516272095393,6.645763076864018
2025-08-17 00:00:18.513817,7.429650207056283,5.653881580892353,7.1804780277293805
2025-08-17 01:00:18.513817,4.773858396319534,4.405008179342761,7.040164958226456
2025-08-17 02:00:18.513817,9.65515263460322,5.185092549021193,7.832550314622948
2025-08-17 03:00:18.513817,14.572360657846996,3.4578824309894625,9.110670281303165
2025-08-17 04:00:18.513817,2.877347070337609,6.730979887448309,6.827995790971007
2025-08-17 05:00:18.513817,13.498549004393997,1.2228825580350065,7.250332370036068
2025-08-17 06:00:18.513817,70.69829184310036,8.328958359218417,2.0399763383543026
2025-08-17 07:00:18.513817,12.968188948432998,3.426786469019345,7.553607897333776
2025-08-17 08:00:18.513817,11.499705572799478,6.97854073071049,9.123406196018221
2025-08-17 09:00:18.513817,13.701828216937479,7.13440177448992,8.222594781627128
2025-08-17 10:00:18.513817,9.775263235339407,8.091030509979998,9.117738417442627
2025-08-17 11:00:18.513817,9.487811996975834,5.060734097997778,8.073277373623798
2025-08-17 12:00:18.513817,12.376824100579062,6.562995883820653,7.861374262018977
2025-08-17 13:00:18.513817,13.025768840549652,4.922390902705396,8.348252373800156
2025-08-17 14:00:18.513817,10.054282389701282,4.815295734826579,7.93906300594717
2025-08-17 15:00:18.513817,11.763503412165399,3.880048707549447,9.116625725888543
2025-08-17 16:00:18.513817,21.805607404961734,8.480279819804922,8.4242277024817
2025-08-17 17:00:18.513817,12.548562483524385,7.813355491788332,6.465576040023706
2025-08-17 18:00:18.513817,8.954204189266964,6.8551648641003,8.059109848420439
2025-08-17 19:00:18.513817,5.024707793723252,3.865749253134057,8.373519050544594
2025-08-17 20:00:18.513817,8.947411610193996,3.5074492206276338,7.773832918158577
2025-08-17 21:00:18.513817,15.937006077249958,6.642877131112524,7.1694937585480405
2025-08-17 22:00:18.513817,7.183187457659203,3.2180288088394287,6.332143427189506
2025-08-17 23:00:18.513817,8.282442342167382,5.937289782756032,6.481934988924038
2025-08-18 00:00:18.513817,1.606095203969506,5.135283159237963,9.474652483997897
2025-08-18 01:00:18.513817,17.892769699811392,5.705404518300183,6.1853085371900605
2025-08-18 02:00:18.513817,13.398022774551942,6.73118649917867,8.989856063885048
2025-08-18 03:00:18.513817,18.38301644754311,4.388151207133511,8.747010734268018
2025-08-18 04:00:18.513817,21.9803679490164,3.9019331847164036,9.46621403641489
2025-08-18 05:00:18.513817,17.709872235954208,8.738878134183505,8.980931032139848
2025-08-18 06:00:18.513817,0.7868204149013085,7.816655840966842,7.306407656721411
2025-08-18 07:00:18.513817,14.222063820260976,4.330852877869147,8.761896946898439
2025-08-18 08:00:18.513817,15.364875231827737,1.9713392655612352,7.531982411034939
2025-08-18 09:00:18.513817,0.0,2.044909376094311,7.361935196553953
2025-08-18 10:00:18.513817,14.210939276404906,6.776146454442839,9.843651825256458
2025-08-18 11:00:18.513817,15.832144412601703,7.585670237279373,8.080816997402088
2025-08-18 12:00:18.513817,8.21679731047152,5.308470086404032,9.231071651797066
2025-08-18 13:00:18.513817,14.3096214845642,5.800545271391149,9.625665489713946
2025-08-18 14:00:18.513817,6.608011139308878,4.438441255712637,9.899051539194629
2025-08-18 15:00:18.513817,11.818739435516386,4.816671277737477,9.44170233245745
2025-08-18 16:00:18.513817,4.335992836369948,1.6845015790893516,7.518910606698863
2025-08-18 17:00:18.513817,7.605383387894315,8.058187021386196,6.990871762097791
2025-08-18 18:00:18.513817,10.084137677065526,7.8178963132309045,7.660212537685056
2025-08-18 19:00:18.513817,13.388249176409088,1.995688626094712,8.201059480740618
2025-08-18 20:00:18.513817,10.647856420620812,3.979902332515573,9.133351349292843
2025-08-18 21:00:18.513817,12.773840798767885,6.822476863052229,8.183661569350837
2025-08-18 22:00:18.513817,7.886919000559271,6.829536502357436,8.559830893983774
2025-08-18 23:00:18.513817,4.964624637442304,5.239177481969277,8.31967144891815
2025-08-19 00:00:18.513817,7.364258547015913,7.523236352179577,7.3622304114982215
2025-08-19 01:00:18.513817,8.280680767126338,5.587379512414736,7.954978528800854
2025-08-19 02:00:18.513817,10.140681496798118,3.410674583432882,5.526551990589944
2025-08-19 03:00:18.513817,7.071935495423558,2.1619767274236508,7.821830740930448
2025-08-19 04:00:18.513817,13.55729462922948,4.207240065725533,7.685043884598178
2025-08-19 05:00:18.513817,5.908433269805753,1.5336567042061442,6.560492143590738
2025-08-19 06:00:18.513817,9.990907359806377,6.154917378352423,8.334766080147213
2025-08-19 07:00:18.513817,13.787590663399403,6.442115628239457,8.690417995349057
2025-08-19 08:00:18.513817,6.925577065584053,4.5450225107474145,7.69606729573286
2025-08-19 09:00:18.513817,11.974020802745578,6.183346199182703,6.9221300793927
2025-08-19 10:00:18.513817,9.311746904175722,2.749775053568115,7.1147713543539
2025-08-19 11:00:18.513817,16.474942165578057,3.0793792077402253,7.41521931758481
2025-08-19 12:00:18.513817,9.645048178197813,6.4772371427691615,6.064727296249057
2025-08-19 13:00:18.513817,15.685600092804389,0.6557637745728577,8.314970690845254
2025-08-19 14:00:18.513817,9.0506804000762,5.828071677872825,7.020999170871714
2025-08-19 15:00:18.513817,6.468018719941377,9.71153167811125,7.3728116239073245
2025-08-19 16:00:18.513817,9.02758944131216,5.7200307210810495,7.75538156581243
2025-08-19 17:00:18.513817,14.694051502497128,5.378629692217775,8.007102670401379
2025-08-19 18:00:18.513817,3.589818552212318,2.486473174668817,7.864534703245978
2025-08-19 19:00:18.513817,11.08998146383709,9.69679069836042,7.5494432189505964
2025-08-19 20:00:18.513817,14.303736884719125,5.262352038431467,7.340895389593231
2025-08-19 21:00:18.513817,7.66809078245786,5.107509478795657,7.432317239426641
2025-08-19 22:00:18.513817,0.0,3.2220428245762505,8.342130547293316
2025-08-19 23:00:18.513817,18.410398234787507,7.769707496980485,8.603566591190676
2025-08-20 00:00:18.513817,4.568544742780998,6.263217529498276,6.947368742312088
2025-08-20 01:00:18.513817,12.393502039957584,4.215716281909067,8.751051699046103
2025-08-20 02:00:18.513817,15.02315635728379,5.600558628866822,8.344737407768928
2025-08-20 03:00:18.513817,7.132712147667918,5.042566707470964,6.264819400524414
2025-08-20 04:00:18.513817,7.615813316214794,9.312546606821925,7.486662197263531
2025-08-20 05:00:18.513817,12.371159137415177,4.814098164368175,7.144299976860517
2025-08-20 06:00:18.513817,6.016182656980281,2.806436281401033,5.658850033947372
2025-08-20 07:00:18.513817,14.58751996048516,5.353505336884815,7.061205584251507
2025-08-20 08:00:18.513817,10.834202234635315,5.389738891116326,6.732073891741242
2025-08-20 09:00:18.513817,11.781380039504455,1.7981084625854264,7.252842455951714
2025-08-20 10:00:18.513817,11.65823848900919,6.069605553871677,7.1084616025823735
2025-08-20 11:00:18.513817,5.173622845840145,4.517967931365222,7.379762698029613
2025-08-20 12:00:18.513817,0.0,2.840931990125206,7.478287988270195
2025-08-20 13:00:18.513817,4.583518592561915,5.609275613328529,6.5637210015616185
2025-08-20 14:00:18.513817,0.16885065095757135,3.9639197920571254,9.15557767274936
2025-08-20 15:00:18.513817,2.1001460273268426,9.29385345945104,7.970062306381793
2025-08-20 16:00:18.513817,6.082059788237402,7.431291766521294,8.066705807534518
2025-08-20 17:00:18.513817,5.789980282694229,5.04803057666797,8.837996055878703
2025-08-20 18:00:18.513817,9.109686055627172,6.444206391556058,7.686533040941039
2025-08-20 19:00:18.513817,67.63747552111546,7.640989488053694,3.0530521961424806
2025-08-20 20:00:18.513817,0.019888551049266567,1.676304442856332,6.215568585290017
2025-08-20 21:00:18.513817,13.34056443204971,5.364790444473662,5.403702146633071
2025-08-20 22:00:18.513817,17.331004674421195,7.258292186093957,6.792378764375268
2025-08-20 23:00:18.513817,12.95447146909769,0.9376160081969198,7.747277916976892
2025-08-21 00:00:18.513817,0.0,7.552290524810578,8.660828857042718
2025-08-21 01:00:18.513817,9.316762900631229,4.577159336919665,8.592307458499768
2025-08-21 02:00:18.513817,3.9415249056676647,4.013000126049578,7.730913096503777
2025-08-21 03:00:18.513817,4.795505602542307,2.679383263577599,6.0840237158358565
2025-08-21 04:00:18.513817,5.96250903826451,7.382424479111988,7.806457706206925
2025-08-21 05:00:18.513817,37.78597633559277,16.137620490298207,4.0886765682511115
2025-08-21 06:00:18.513817,18.18080329846653,8.212963781006781,9.506313624218722
2025-08-21 07:00:18.513817,13.995244682056487,5.405735551229628,8.502170393058556
2025-08-21 08:00:18.513817,7.732110769543576,6.268752919854928,8.087957208989291
2025-08-21 09:00:18.513817,8.512671327602217,7.02280112378895,8.05700455958049
2025-08-21 10:00:18.513817,4.925860479564418,5.078271649953779,8.023953579094394
2025-08-21 11:00:18.513817,8.374043574737462,6.470306165467441,6.8280128723099365
2025-08-21 12:00:18.513817,5.553470968466669,4.713850997746986,7.787280205763313
2025-08-21 13:00:18.513817,11.174949346257346,6.0777066339131025,8.682155032962568
2025-08-21 14:00:18.513817,14.885024915136125,1.701082885462751,7.840343574693372
2025-08-21 15:00:18.513817,16.971633625770412,4.143304445605846,8.609750966757012
2025-08-21 16:00:18.513817,8.091413593467285,5.285603885535318,8.185742088225851
2025-08-21 17:00:18.513817,14.64762816016998,3.4720604961195236,7.670091526641864
2025-08-21 18:00:18.513817,7.52946814757108,5.682398843198106,9.360020057417167
2025-08-21 19:00:18.513817,14.604507859380563,4.8714126222617935,6.3758086647646675
2025-08-21 20:00:18.513817,8.958246769698611,2.8045810418314163,8.491185426003998
2025-08-21 21:00:18.513817,7.359349085140334,3.8854742339148505,7.790499387761648
2025-08-21 22:00:18.513817,8.629134051146757,3.912371207423524,9.88630532272094
2025-08-21 23:00:18.513817,9.827647610580891,6.496955664808694,4.675399529183359
2025-08-22 00:00:18.513817,16.884067370792565,1.8463912567847176,8.233197294335142
2025-08-22 01:00:18.513817,18.314146721741682,3.7352679166310185,6.158466515406947
2025-08-22 02:00:18.513817,15.205530307416609,5.590072292452189,7.515070076793595
2025-08-22 03:00:18.513817,8.442387577387938,5.671982052486177,8.555623033280824
2025-08-22 04:00:18.513817,17.125601541965295,0.34487945431439915,8.979582837713606
2025-08-22 05:00:18.513817,7.663557553573213,6.706724257135789,7.565234405807637
2025-08-22 06:00:18.513817,5.219998712530611,7.226962229907516,7.161868644900186
2025-08-22 07:00:18.513817,14.293384640348961,6.096596938413215,6.609366939519415
2025-08-22 08:00:18.513817,15.630920940748819,8.348158532021383,7.703314193855922
2025-08-22 09:00:18.513817,14.729489800851653,6.1320518031660285,6.731798037306667
2025-08-22 10:00:18.513817,8.07674138840553,1.7771602445869328,7.399039625667761
2025-08-22 11:00:18.513817,13.34417469251425,7.707152822460044,7.496763199002615
2025-08-22 12:00:18.513817,16.197770290234942,7.025135861731474,8.188370402695162
2025-08-22 13:00:18.513817,1.4324800032262868,5.854144100262451,7.956484488059694
2025-08-22 14:00:18.513817,12.97747917840999,3.9766800150544492,6.357605468654668
2025-08-22 15:00:18.513817,0.0,4.457618686817562,8.507444279101795
2025-08-22 16:00:18.513817,8.743114097124609,5.374857985881925,6.3915002736074005
2025-08-22 17:00:18.513817,18.70305114339213,4.903055095646468,8.734127853723981
2025-08-22 18:00:18.513817,5.696378730678541,5.340572102900302,6.7489084774303025
2025-08-22 19:00:18.513817,7.368874170808157,5.011453452223815,8.58607719721465
2025-08-22 20:00:18.513817,12.948950941184197,3.701046285953426,9.833037003049874
2025-08-22 21:00:18.513817,16.896654228918983,2.316613664534037,6.360226880659214
2025-08-22 22:00:18.513817,6.895379219558009,4.309134614880451,6.82566155985086
2025-08-22 23:00:18.513817,10.919963926681767,7.516223298757753,6.5115669607418365
2025-08-23 00:00:18.513817,5.669737426445343,4.497110719851379,7.936531827653363
2025-08-23 01:00:18.513817,4.432393202485385,5.605155687733338,8.811000767165323
2025-08-23 02:00:18.513817,9.449517624945411,6.251247189003724,7.257702985279557
2025-08-23 03:00:18.513817,8.48429128663736,5.108567982846176,6.500316594266124
2025-08-23 04:00:18.513817,11.376683545962596,2.5469802650838225,8.34354333533136
2025-08-23 05:00:18.513817,44.19765993193681,10.876673085698403,3.3824598474640464
2025-08-23 06:00:18.513817,0.0,3.015101640225116,5.198621377357608
2025-08-23 07:00:18.513817,8.328393427021629,2.8769809920995106,9.399233822286753
2025-08-23 08:00:18.513817,15.454566784818933,7.834113705384638,6.573523666186803
2025-08-23 09:00:18.513817,15.812336135956482,3.711321145176554,7.879054194921108
2025-08-23 10:00:18.513817,14.23031846764993,6.903608531301753,6.984220967808229
2025-08-23 11:00:18.513817,16.014710043532716,2.593942216437877,7.832458828281419
2025-08-23 12:00:18.513817,18.678418809002295,7.439270578773561,6.844341559079604
2025-08-23 13:00:18.513817,15.543684898636734,4.095084328058025,7.309305175945486
2025-08-23 14:00:18.513817,55.394350872021505,14.524962200228838,3.875474238792121
2025-08-23 15:00:18.513817,11.459471043546573,3.7353107265013765,6.152995898368598
2025-08-23 16:00:18.513817,11.822979068782006,1.8827430938347596,6.405030239761421
2025-08-23 17:00:18.513817,11.342775853306993,3.4482949585014846,9.547669771980509
2025-08-23 18:00:18.513817,42.27039249994138,25.67407333903636,2.3767128690060595
2025-08-23 19:00:18.513817,18.84292328071742,6.6490561514507815,8.499758154924695
2025-08-23 20:00:18.513817,53.844439046383364,22.38094146677441,3.4721025207563017
2025-08-23 21:00:18.513817,8.692815816771757,3.3249517453171276,7.2657710675961065
2025-08-23 22:00:18.513817,5.4542724654354835,6.566920123271446,6.972908770215815
2025-08-23 23:00:18.513817,15.6138149711177,2.6945505268353904,7.104776302383105
2025-08-24 00:00:18.513817,9.736233546251418,3.2028255962165773,9.066183975543094
2025-08-24 01:00:18.513817,5.371505283933209,2.0354450714239505,7.6526949509700755
2025-08-24 02:00:18.513817,11.400397643972275,3.2289940099357697,6.971741432247469
2025-08-24 03:00:18.513817,8.061228152464231,5.417818300298762,8.44892076169072
2025-08-24 04:00:18.513817,4.23730637161564,2.909850344049392,6.250707908595509
2025-08-24 05:00:18.513817,10.949653778527603,4.240832658460217,7.6480560509714275
2025-08-24 06:00:18.513817,0.0,4.441229260099358,7.748521899942719
2025-08-24 07:00:18.513817,1.8337993477991414,7.375455255898316,7.3049316427587305
2025-08-24 08:00:18.513817,53.24898453418572,14.034297686073215,4.194092388552231
2025-08-24 09:00:18.513817,6.295652928055277,3.8227046354389893,7.30912453196168
2025-08-24 10:00:18.513817,10.651545861906051,4.6232745359942875,7.259764296610903
2025-08-24 11:00:18.513817,4.556911865100712,4.021928680318307,6.486048036173174
2025-08-24 12:00:18.513817,84.32313431671255,4.569078244188884,6.914884144227431
2025-08-24 13:00:18.513817,17.397295313745236,5.3868526500259435,8.973563847611297
2025-08-24 14:00:18.513817,13.267026116160874,5.741782072644274,7.18630821449858
2025-08-24 15:00:18.513817,17.146216430570735,0.320717092760467,8.346991422612719
2025-08-24 16:00:18.513817,5.186823130480164,3.5995222916213994,6.353612103719717
2025-08-24 17:00:18.513817,1.5862275240568948,2.8930449651237375,7.501966991699359
2025-08-24 18:00:18.513817,9.45743024506746,5.789360737846906,9.65734436387352
2025-08-24 19:00:18.513817,15.131852339239359,4.1874369350018705,9.34422538409817
2025-08-24 20:00:18.513817,11.571034714181934,3.648240405434426,8.155814399395538
2025-08-24 21:00:18.513817,8.906150961628924,3.4765863686874843,7.872780289924749
2025-08-24 22:00:18.513817,8.1301809634137,3.5352507553944394,7.014770625344766
2025-08-24 23:00:18.513817,7.004709267579772,3.935329698558856,9.507427366143638
2025-08-25 00:00:18.513817,12.724999594809482,4.409860903387112,7.792217581436452
2025-08-25 01:00:18.513817,18.604445149284473,4.547002386542584,8.333437582083791
2025-08-25 02:00:18.513817,8.278319601389834,6.01460672573483,7.923621504891848
2025-08-25 03:00:18.513817,13.961008503935552,3.5307263407054488,8.663336471819935
2025-08-25 04:00:18.513817,9.315197944292642,7.0952202915631215,8.82581940792078
2025-08-25 05:00:18.513817,5.814503617839032,5.118461823393207,8.927213435645495
2025-08-25 06:00:18.513817,8.214116620656842,6.880108570017335,7.495422003676961
2025-08-25 07:00:18.513817,8.341662101978422,3.2675172698835766,7.475504896294641
2025-08-25 08:00:18.513817,11.500111817121468,5.69326648234276,8.19763743096493
2025-08-25 09:00:18.513817,10.537364244008327,4.843236131304963,9.848403842030546
2025-08-25 10:00:18.513817,12.589361934334075,0.7315930578489089,8.45038979671563
2025-08-25 11:00:18.513817,11.826687847829895,3.6585696367713805,8.745206866233673
2025-08-25 12:00:18.513817,15.53621159100397,9.041004541743465,7.274085884319992
2025-08-25 13:00:18.513817,8.258413799323522,3.2532249246621863,6.958608315658709
2025-08-25 14:00:18.513817,2.5173585363181283,4.530663013948419,7.516756865778302
2025-08-25 15:00:18.513817,21.65413105102664,2.4107358025655037,8.35269133110845
2025-08-25 16:00:18.513817,20.777756521381967,2.478688059505334,9.156684210528192
2025-08-25 17:00:18.513817,10.749530212708118,3.038734805585382,7.805167317804804
2025-08-25 18:00:18.513817,3.0141956009681774,7.485981791992181,6.134912802563997
2025-08-25 19:00:18.513817,9.976618764883113,3.8746064495092205,8.874170934648689
2025-08-25 20:00:18.513817,7.352527188374822,6.588457370334885,7.008206294870797
2025-08-25 21:00:18.513817,9.01373973193598,6.330218733612755,8.15404359119423
2025-08-25 22:00:18.513817,12.59957249124289,4.680158039980869,8.52718932283172
2025-08-25 23:00:18.513817,15.553150365964882,3.2509566041762166,6.494615887145038
2025-08-26 00:00:18.513817,14.003091535516472,6.5571706386910895,9.344294976983315
2025-08-26 01:00:18.513817,12.767352547947356,7.47749641701549,7.4061364765827395
2025-08-26 02:00:18.513817,10.866726491587432,4.938802039810373,8.234825082886578
2025-08-26 03:00:18.513817,5.5111480115301745,3.9092369360474386,7.497402838052483
2025-08-26 04:00:18.513817,8.289685864408181,5.470196148695825,8.064643199500702
2025-08-26 05:00:18.513817,9.007639718051223,3.0188140003833674,10.353281489239018
2025-08-26 06:00:18.513817,2.9311884854420978,5.935988669364798,8.431462616940841
2025-08-26 07:00:18.513817,20.054231979333956,6.2361109274230575,8.393628002472028
2025-08-26 08:00:18.513817,12.550647610702649,4.257727584929199,7.334462478757413
2025-08-26 09:00:18.513817,18.6050899075804,5.988326243502488,7.789692286904869
2025-08-26 10:00:18.513817,11.959884925778544,1.8616788664106712,8.385359681024346
2025-08-26 11:00:18.513817,10.037787054320574,3.948820917387212,7.546523805977175
2025-08-26 12:00:18.513817,9.826812456388602,5.138169745470038,9.293564853627261
2025-08-26 13:00:18.513817,22.673517591260516,3.065709075529229,8.985637751087875
2025-08-26 14:00:18.513817,19.406001474635374,4.786768930529704,8.875106599543336
2025-08-26 15:00:18.513817,4.9081231508552925,6.867926263833779,8.106787322177418
2025-08-26 16:00:18.513817,6.047185026708658,5.0723347445204094,9.71450793011311
2025-08-26 17:00:18.513817,15.605564946293285,5.6347745101023765,10.03091679532723
2025-08-26 18:00:18.513817,17.519226186726335,0.0,8.804709889625597
2025-08-26 19:00:18.513817,24.115151382745054,8.32912409919225,10.115125496572926
2025-08-26 20:00:18.513817,8.299420095938991,5.74762311355648,7.7212253608818635
2025-08-26 21:00:18.513817,11.249159156140564,3.8616102205456517,8.044318249453811
2025-08-26 22:00:18.513817,16.734171667692568,3.1104328758505373,8.037129453672046
2025-08-26 23:00:18.513817,7.808250914172719,4.0482637489826265,8.518007986787861
2025-08-27 00:00:18.513817,15.687470131817442,7.21554330101908,8.257977515769488
2025-08-27 01:00:18.513817,18.606418579260314,8.456331037849473,8.846563629993902
2025-08-27 02:00:18.513817,10.672225497562195,8.59681529869401,3.328680165475423
2025-08-27 03:00:18.513817,8.100585832592968,6.58102996001414,8.42472346234509
2025-08-27 04:00:18.513817,1.2894228543729191,0.0,7.675166829045519
2025-08-27 05:00:18.513817,12.897791580181147,5.771276954038766,9.954165565394833
2025-08-27 06:00:18.513817,2.0601976439279337,7.415072042946796,7.567552302111647
2025-08-27 07:00:18.513817,15.260172332525883,7.353544720728729,7.7037519760697775
2025-08-27 08:00:18.513817,4.754089753288345,3.0966905980153445,7.626624363957691
2025-08-27 09:00:18.513817,11.183247522868871,4.0396315469212745,6.185133025651854
2025-08-27 10:00:18.513817,8.025050099182284,6.783431946089534,8.340735080762405
2025-08-27 11:00:18.513817,4.762032365208585,5.796918671476032,8.575792089826377
2025-08-27 12:00:18.513817,4.608436491044456,4.431760957915803,5.886044969437832
2025-08-27 13:00:18.513817,52.34658592785116,18.815653534489694,2.773578290755124
2025-08-27 14:00:18.513817,13.615898403930526,4.53998174777763,7.84269701178472
2025-08-27 15:00:18.513817,0.0,3.6089377727488783,7.498115512531672
2025-08-27 16:00:18.513817,12.950577370454482,5.666093636811808,6.707292777550911
2025-08-27 17:00:18.513817,7.964052809201565,4.71990857158504,7.840949405802545
2025-08-27 18:00:18.513817,14.534676022160339,4.358141922766499,8.442986017915775
2025-08-27 19:00:18.513817,12.107862387621681,3.2543641500863973,7.427489256875514
2025-08-27 20:00:18.513817,12.191169933978422,4.733924735493323,7.972292513062494
2025-08-27 21:00:18.513817,12.259049368660403,6.6407734857863545,7.668776428393489
2025-08-27 22:00:18.513817,13.816682836980812,2.9364552061249665,7.055689902088405
2025-08-27 23:00:18.513817,19.34382828673185,6.992471567718637,7.742306505517899
2025-08-28 00:00:18.513817,6.226450636961314,9.997532465546602,7.46991562797969
2025-08-28 01:00:18.513817,4.2603895253757464,6.808082431725441,6.777029423328336
2025-08-28 02:00:18.513817,7.164951059578604,6.4880501412326765,6.873252891410516
2025-08-28 03:00:18.513817,13.126042879224624,3.7552719002094674,9.806707061236473
2025-08-28 04:00:18.513817,71.74106707627206,16.000446419156486,2.8571843345962087
2025-08-28 05:00:18.513817,17.991726866592685,5.0982972404292495,8.07084560710653
2025-08-28 06:00:18.513817,12.122587383349808,6.3474617393105675,9.993912204920715
2025-08-28 07:00:18.513817,6.684636066413043,4.675403493193413,7.900765028698457
2025-08-28 08:00:18.513817,10.904038598648036,7.396120556175346,8.606707526379054
2025-08-28 09:00:18.513817,14.20656957894623,6.646591130946764,9.773138852380647
2025-08-28 10:00:18.513817,15.863084195571128,4.503604485189272,8.310762629715981
2025-08-28 11:00:18.513817,0.0,5.119621195204162,8.259390188957086
2025-08-28 12:00:18.513817,15.062213238975033,7.3066970143843415,9.046187184043362
2025-08-28 13:00:18.513817,5.698581260343304,4.88389866122486,6.887925724812591
2025-08-28 14:00:18.513817,15.191598449781177,4.798329332761817,10.005970585616057
2025-08-28 15:00:18.513817,5.249620728757119,4.23289661222085,9.237261482213185
2025-08-28 16:00:18.513817,11.492537209294204,3.710582266397003,6.458112588693343
2025-08-28 17:00:18.513817,8.33161133482445,4.692284646649766,7.532778456364736
2025-08-28 18:00:18.513817,3.215832896702457,5.2184061567867355,9.066755088727195
2025-08-28 19:00:18.513817,6.316940584385048,7.786579487922233,7.235171830644126
2025-08-28 20:00:18.513817,18.913582056439694,5.232678539726626,8.052572996371753
2025-08-28 21:00:18.513817,4.035682136765225,6.5964198023488745,8.997267083521102
2025-08-28 22:00:18.513817,14.952698095907706,2.2501043383172044,7.057398926146565
2025-08-28 23:00:18.513817,0.0,7.575681667443164,7.7139741067542635
2025-08-29 00:00:18.513817,11.405607359603781,6.104665225334287,6.412103721401442
2025-08-29 01:00:18.513817,11.391732329974436,3.9949058769552623,6.668012851659156
2025-08-29 02:00:18.513817,4.974785987006901,6.638857748456877,9.728489363334626
2025-08-29 03:00:18.513817,14.436510241922267,3.1691127383026956,8.178300776804157
2025-08-29 04:00:18.513817,14.090692506223075,4.610040352166763,7.391458958154947
2025-08-29 05:00:18.513817,8.477878257269108,3.032044631917742,7.021219165816747
2025-08-29 06:00:18.513817,14.690725176847888,4.633342287757683,8.336605946652838
2025-08-29 07:00:18.513817,8.920430689346663,6.630725198549681,8.790028371499124
2025-08-29 08:00:18.513817,5.23808586719504,5.7732276804946485,7.843714764042824
2025-08-29 09:00:18.513817,8.635542403020871,1.0327472185349302,8.568317483878683
2025-08-29 10:00:18.513817,7.253803649373866,5.7443529157966235,9.022700763347562
2025-08-29 11:00:18.513817,10.657340583310196,5.6371691403431665,8.460792382446094
2025-08-29 12:00:18.513817,12.516398140789287,4.277061346193005,7.993120477376621
2025-08-29 13:00:18.513817,9.84064246890434,3.154748966399418,8.264180120575716
2025-08-29 14:00:18.513817,13.830860312769461,4.1670324892528345,7.540999308153512
2025-08-29 15:00:18.513817,15.2346595380316,7.689907021856971,8.276182938277948
2025-08-29 16:00:18.513817,16.34854604094815,3.834368756104862,8.59555590599654
2025-08-29 17:00:18.513817,8.19806631295438,5.573282674734103,8.064331512113986
2025-08-29 18:00:18.513817,4.888983860918308,5.747443288934634,6.5559087558945075
2025-08-29 19:00:18.513817,8.57372744803834,6.684410765838439,10.619286777762595
2025-08-29 20:00:18.513817,13.989917237441981,4.587814172421473,10.401539732972763
2025-08-29 21:00:18.513817,5.306355492050327,4.790556019832495,9.069319804516605
2025-08-29 22:00:18.513817,10.402732784988178,3.7896859536252236,8.236271029393755
2025-08-29 23:00:18.513817,16.752600734082012,4.647552782248251,7.098089682334948
2025-08-30 00:00:18.513817,14.261975809247428,5.00807532428313,7.024639275737494
2025-08-30 01:00:18.513817,14.139696965726886,3.367925709133221,8.667420423316717
2025-08-30 02:00:18.513817,6.83678047059808,4.600039832087091,7.999298373107316
2025-08-30 03:00:18.513817,6.807756433828489,6.54181849219141,7.17409720543027
2025-08-30 04:00:18.513817,5.211447282299423,2.1544760640620675,7.822292123989826
2025-08-30 05:00:18.513817,16.955570264911838,8.213339502401059,8.435415211991938
2025-08-30 06:00:18.513817,4.40281226293736,6.177994731671198,6.995727844834751
